res_pc,mean_dist_nn,mean_dist_nn2,mean_dist_nn3,5th_nn,5th_nn2,5th_nn3,16th_nn,16th_nn2,16th_nn3,50th_nn,50th_nn2,50th_nn3,84th_nn,84th_nn2,84th_nn3,95th_nn,95th_nn2,95th_nn3,mean_beam_sep,mean_beam_sep2,mean_beam_sep3
60,173.61184446438202,320.6133879676998,416.620669048266,28.161376324467287,61.24029537567253,86.53296495289678,49.084602338525364,105.83357349608028,149.6449077774701,105.50672239215699,247.95066368674213,322.1071955267709,282.9391370903922,511.3817157847083,662.0475659770636,550.232752593068,921.4386294618266,1137.6163561042385,2.8935307410730426,5.343556466128346,6.943677817471121
90,236.80671262650264,378.03593912462964,480.20534974471394,68.40952233783682,135.94014794646907,171.14869421764683,98.68737108434397,169.83709121774942,228.0884392744029,203.80352837295507,327.3428231480479,428.0453935430638,342.2765143737617,569.314769560813,706.7843158576658,517.3513983451132,904.302475503709,1022.2707804854858,2.631185695850031,4.200399323606998,5.335614997163491
120,280.1303519326465,440.2361229159464,565.5270090138316,84.14714657006903,169.96847655910062,217.15648998139716,152.6765632361987,218.9661911722514,291.05827132067816,234.08376321761432,394.73099440037254,471.3631743323739,419.0288948873677,658.7317374387345,894.1223920301557,572.366634056553,910.2242422021702,1175.8938448466379,2.3344195994387227,3.66863435763289,4.712725075115268
150,339.86903724049614,533.1826764332548,653.0146807799208,137.45487319118817,243.65934982533642,305.4698156379111,181.15862110266045,280.6605533878493,367.8992192018937,280.42608249013665,411.58786440106513,549.2301319485584,448.76193160655396,695.3413259284061,938.3338518521255,652.4275741932031,1382.5725271440815,1436.2658378149556,2.2657935816033077,3.5545511762216986,4.353431205199472
