res_pc,mean_dist_nn,mean_dist_nn2,mean_dist_nn3,5th_nn,5th_nn2,5th_nn3,16th_nn,16th_nn2,16th_nn3,50th_nn,50th_nn2,50th_nn3,84th_nn,84th_nn2,84th_nn3,95th_nn,95th_nn2,95th_nn3,mean_beam_sep,mean_beam_sep2,mean_beam_sep3
60,241.82483329180917,392.034512035916,487.75062545265246,33.544662112502934,56.68755013515071,76.51691666628548,71.12690162541318,117.87453680312152,176.95457193611048,144.87254055295068,228.27713370306566,272.3971712164638,311.65131508578315,663.5660053393403,799.7753084649976,961.1677943903031,1191.5092930044946,1832.3448969750457,3.6992247180745976,5.997000959415917,7.461182316844836
90,278.72535216907556,459.26574609165823,600.9932349740212,76.32097547951297,177.2424340571772,239.7408400652394,138.32117263172753,229.8475724485549,277.8661884133335,216.40202620635736,311.4508617063286,388.296715181471,402.1762915632842,690.114909898843,907.0916574601818,685.3146699370093,1110.707028210284,1897.3797701367484,3.0969483574341736,5.102952734351759,6.677702610822459
120,373.8460388720008,565.9741913954679,740.9721043494882,112.75905898025078,230.276713262932,303.1017513410712,181.8019459412835,285.72332421640226,345.50042856787184,301.23370495805335,460.9172420942867,568.5089081986714,559.0755940179336,904.3423498629012,1114.9942989072802,746.4770973831004,1246.8484264476656,1806.0312187782163,3.1153836572666735,4.7164515949622325,6.174767536245736
150,460.99875213642565,688.3458597014849,877.523172363076,231.0938525248672,281.5050287183783,376.15433557766914,283.7386234206475,365.417194105286,487.70666749195175,415.7727550450645,596.5886823665704,776.3341858042194,586.3955086300468,1062.2835365713422,1209.838160697184,788.7328534401115,1423.1555884033723,1628.5166634015338,3.0733250142428377,4.588972398009899,5.850154482420507
