cloudnum,RGAL_KPC,x,corr_x,y,nn_index,nn2_index,nn3_index,min_dist,min_dist2nd,min_dist3rd,mean_cloud_sep_nn,mean_cloud_sep_nn2,mean_cloud_sep_nn3,beam_sep_nn,beam_sep_nn2,beam_sep_nn3
1,0.20007208159117032,192.06257016443425,0.00015848428701446945,10.984297239396694,2.0,3.0,7.0,77.91653597888575,99.89305035941803,156.06776967204607,1.1869019962533651,1.5216700716207419,2.3773791409920797,0.5194435731925721,0.6659536690627873,1.0404517978136412
2,0.28746968708951365,192.062858447523,0.0004414858499966835,10.98430950043744,1.0,7.0,8.0,77.91653597888575,150.47376403519704,167.25700694623592,1.1869019962533651,2.292165695938158,2.547824706756032,0.5194435731925721,1.0031584269013143,1.1150467129749069
3,0.2412083541420835,192.06224359199572,-0.0001621050680650508,10.984467855593001,1.0,2.0,4.0,99.89305035941803,171.6447962431319,211.57000155103322,1.5216700716207419,2.614663867534897,3.2228442144334655,0.6659536690627873,1.1442986416208802,1.4104666770068892
4,0.4559380176354959,192.06149292902236,-0.0008990143786363311,10.984688269199044,3.0,1.0,6.0,211.57000155103322,310.12862261324955,339.5630359372501,3.2228442144334655,4.724186934782625,5.172561127678855,1.4104666770068892,2.0675241507549984,2.2637535729150025
5,0.08576388817716316,192.06250813373165,9.75902082434843e-05,10.983732631422832,8.0,7.0,6.0,65.93062346254591,73.71271247314718,125.56034720335072,1.0043206826228797,1.1228651849632685,1.912659808006698,0.4395374897503064,0.4914180831543149,0.8370689813556721
6,0.3309716740039057,192.06206652734443,-0.0003359266947634879,10.983589682598804,5.0,8.0,7.0,125.56034720335072,187.86454435965078,198.47158460673913,1.912659808006698,2.8617391664604015,3.0233161293662025,0.8370689813556721,1.252430295731006,1.3231438973782619
7,0.05191202922142755,192.06277871990358,0.00036321955457219824,10.983768077930343,8.0,5.0,2.0,17.46016746964478,73.71271247314718,150.47376403519704,0.26597059743845936,1.1228651849632685,2.292165695938158,0.11640111646429863,0.4914180831543149,1.0031584269013143
8,0.024041050130243005,192.06275126556164,0.00033626820869424393,10.983710606848469,7.0,5.0,2.0,17.46016746964478,65.93062346254591,167.25700694623592,0.26597059743845936,1.0043206826228797,2.547824706756032,0.11640111646429863,0.4395374897503064,1.1150467129749069
