source,MLUM_1_2,MLUM_1_3,MLUM_2_3,SIGV_1_2,SIGV_1_3,SIGV_2_3,RAD_1_2,RAD_1_3,RAD_2_3
ngc1433,0.4107658298463215,0.3520473347569924,0.40948929511980786,,,,,,
ngc1433,0.21243294649421623,0.0576616582577018,0.045847207150164535,,,,,,
ngc1433,0.2123723547620299,0.4781345858898197,0.11897772016528133,,,,,,
ngc1433,0.47910524685398514,0.4451808335129724,0.4575521765231295,0.13837969604786005,0.33676072463091167,0.2619775895296902,,,
